name,description,img,url,children,parent
Ноутбуки и компьютеры,,,,[],
Ноутбуки,, https://img3.itbox.ua/150x150/prod_img/3/U0377713.jpg ,,[],Ноутбуки и компьютеры
Компьютеры,, https://img3.itbox.ua/150x150/prod_img/3/U0377713.jpg ,,[],Ноутбуки и компьютеры
Мониторы и аксессуары,, https://img3.itbox.ua/150x150/prod_img/3/U0377713.jpg ,,[],Ноутбуки и компьютеры
Мониторы,,,,[],Мониторы и аксессуары
Подставки под монитор,,,,[],Мониторы и аксессуары
Блоки питания для монитора,,,,[],Мониторы и аксессуары
Комплектующие,, https://img3.itbox.ua/150x150/prod_img/3/U0377713.jpg ,,[],Ноутбуки и компьютеры
Видеокарты,,,,[],Комплектующие
Блоки питания ПК,,,,[],Комплектующие
SSD диски,,,,[],Комплектующие
Корпусы для ПК,,,,[],Комплектующие
Процессоры,,,,[],Комплектующие
Материнские платы,,,,[],Комплектующие
Кулеры к процессорам,,,,[],Комплектующие
Кабели питания,,,,[],Комплектующие
Оптические приводы DVD±RW,,,,[],Комплектующие
Райзеры,,,,[],Комплектующие
Контроллеры для ПК,,,,[],Комплектующие
Кабели для передачи данных,,,,[],Комплектующие
Процессоры для серверов,,,,[],Комплектующие
Корпусы для сервера,,,,[],Комплектующие
Звуковые платы,,,,[],Комплектующие
Вентиляторы к корпусам,,,,[],Комплектующие
Серверные МП,,,,[],Комплектующие
Оперативная память,,,,[],Комплектующие
Жесткие диски (HDD),,,,[],Комплектующие
Термопаста,,,,[],Комплектующие
Термопрокладки,,,,[],Комплектующие
Радиаторы охлаждения,,,,[],Комплектующие
Услуги для ПК,,,,[],Комплектующие
Крепления VESA для корпусов,,,,[],Комплектующие
Оптические приводы Blu-Ray,,,,[],Комплектующие
Манипуляторы,, https://img3.itbox.ua/150x150/prod_img/3/U0377713.jpg ,,[],Ноутбуки и компьютеры
Мышки,,,,[],Манипуляторы
Клавиатуры,,,,[],Манипуляторы
Комплекты клавиатуры и мыши,,,,[],Манипуляторы
Графические планшеты,,,,[],Манипуляторы
Планшет-мониторы,,,,[],Манипуляторы
Наклейки на клавиатуру,,,,[],Манипуляторы
Коврики и поверхности,,,,[],Манипуляторы
Перья для планшетов,,,,[],Манипуляторы
Трекболы,,,,[],Манипуляторы
Электропитание,, https://img3.itbox.ua/150x150/prod_img/3/U0377713.jpg ,,[],Ноутбуки и компьютеры
Аккумуляторы к ИБП,,,,[],Электропитание
ИБП UPS,,,,[],Электропитание
Зарядки для аккумуляторов,,,,[],Электропитание
Стабилизаторы напряжения,,,,[],Электропитание
Инверторы,,,,[],Электропитание
Держатели для кабеля,,,,[],Электропитание
Аккумуляторы и батарейки,,,,[],Электропитание
"Сетевые фильтры, удлинители",,,,[],Электропитание
Аксессуары к ноутбукам и ПК,, https://img3.itbox.ua/150x150/prod_img/3/U0377713.jpg ,,[],Ноутбуки и компьютеры
Внешние жесткие диски,,,,[],Аксессуары к ноутбукам и ПК
USB флешки,,,,[],Аксессуары к ноутбукам и ПК
Веб-камеры,,,,[],Аксессуары к ноутбукам и ПК
Переходники,,,,[],Аксессуары к ноутбукам и ПК
Блоки питания для ноутбуков,,,,[],Аксессуары к ноутбукам и ПК
Аккумуляторы для ноутбуков,,,,[],Аксессуары к ноутбукам и ПК
Подставки для ноутбуков,,,,[],Аксессуары к ноутбукам и ПК
Порт-репликаторы,,,,[],Аксессуары к ноутбукам и ПК
DVD-Диски,,,,[],Аксессуары к ноутбукам и ПК
CD-Диски,,,,[],Аксессуары к ноутбукам и ПК
Кардридеры,,,,[],Аксессуары к ноутбукам и ПК
Сумки и рюкзаки для ноутбука,,,,[],Аксессуары к ноутбукам и ПК
Карманы и переходники,,,,[],Аксессуары к ноутбукам и ПК
USB хабы,,,,[],Аксессуары к ноутбукам и ПК
Bluetooth-адаптеры,,,,[],Аксессуары к ноутбукам и ПК
Чистящие средства,,,,[],Аксессуары к ноутбукам и ПК
Адаптеры USB,,,,[],Аксессуары к ноутбукам и ПК
Защита стационарной техники,,,,[],Аксессуары к ноутбукам и ПК
Подставки для планшетов,,,,[],Аксессуары к ноутбукам и ПК
Столики для ноутбуков,,,,[],Аксессуары к ноутбукам и ПК
BD-Диски,,,,[],Аксессуары к ноутбукам и ПК
Салфетки,,,,[],Аксессуары к ноутбукам и ПК
Чехлы для HDD,,,,[],Аксессуары к ноутбукам и ПК
Тросики с замком,,,,[],Аксессуары к ноутбукам и ПК
Конверты для дисков,,,,[],Аксессуары к ноутбукам и ПК
Планшеты и аксессуары,, https://img3.itbox.ua/150x150/prod_img/3/U0377713.jpg ,,[],Ноутбуки и компьютеры
Планшеты,,,,[],Планшеты и аксессуары
Блоки питания для планшетов,,,,[],Планшеты и аксессуары
Электронные книги,,,,[],Планшеты и аксессуары
Чехлы для планшетов,,,,[],Планшеты и аксессуары
Чехлы для эл. книг,,,,[],Планшеты и аксессуары
Крепления для планшетов,,,,[],Планшеты и аксессуары
Сетевое оборудование,, https://img3.itbox.ua/150x150/prod_img/3/U0377713.jpg ,,[],Ноутбуки и компьютеры
Коммутаторы сетевые,,,,[],Сетевое оборудование
Маршрутизаторы,,,,[],Сетевое оборудование
Сетевые хранилища NAS,,,,[],Сетевое оборудование
Точки доступа Wi-Fi,,,,[],Сетевое оборудование
Адаптеры PoE,,,,[],Сетевое оборудование
Ретрансляторы,,,,[],Сетевое оборудование
Адаптеры Powerline,,,,[],Сетевое оборудование
Модемы,,,,[],Сетевое оборудование
Коммутаторы KVM,,,,[],Сетевое оборудование
Медиаконверторы,,,,[],Сетевое оборудование
Файрволы,,,,[],Сетевое оборудование
Модули SFP,,,,[],Сетевое оборудование
Сетевые карты и адаптеры,,,,[],Сетевое оборудование
Мобильные Wi-Fi роутеры,,,,[],Сетевое оборудование
"Модемы 4G, 3G, GSM, CDMA",,,,[],Сетевое оборудование
Адаптеры-переходники,,,,[],Сетевое оборудование
Усилители сигнала,,,,[],Сетевое оборудование
3G роутеры,,,,[],Сетевое оборудование
БП для сетевого оборудования,,,,[],Сетевое оборудование
Пассивное сетевое,, https://img3.itbox.ua/150x150/prod_img/3/U0377713.jpg ,,[],Ноутбуки и компьютеры
Патч-корды,,,,[],Пассивное сетевое
Кабели сетевые,,,,[],Пассивное сетевое
Коннекторы,,,,[],Пассивное сетевое
Сращиватели UTP,,,,[],Пассивное сетевое
Инструменты (прокладка сети),,,,[],Пассивное сетевое
Тестеры кабельные,,,,[],Пассивное сетевое
Колпачки коннекторов,,,,[],Пассивное сетевое
Антенны Wi-Fi,,,,[],Пассивное сетевое
Модули Keystone,,,,[],Пассивное сетевое
Наборы инструментов для сети,,,,[],Пассивное сетевое
Оптические патч-корды,,,,[],Пассивное сетевое
Компьютерные розетки,,,,[],Пассивное сетевое
Телефонные розетки,,,,[],Пассивное сетевое
Программное обеспечение,, https://img3.itbox.ua/150x150/prod_img/3/U0377713.jpg ,,[],Ноутбуки и компьютеры
Операционные системы,,,,[],Программное обеспечение
Антивирусы,,,,[],Программное обеспечение
Офисные приложения,,,,[],Программное обеспечение
ПО для сервера,,,,[],Программное обеспечение
Карты активации,,,,[],Программное обеспечение
Карты онлайн пополнения,,,,[],Программное обеспечение
Серверное оборудование,, https://img3.itbox.ua/150x150/prod_img/3/U0377713.jpg ,,[],Ноутбуки и компьютеры
Серверы,,,,[],Серверное оборудование
Патч-панели,,,,[],Серверное оборудование
Силовые блоки,,,,[],Серверное оборудование
Серверные платформы,,,,[],Серверное оборудование
Модули для шкафа,,,,[],Серверное оборудование
Вентиляторные модули,,,,[],Серверное оборудование
Заглушки,,,,[],Серверное оборудование
Серверные шкафы и стойки,,,,[],Серверное оборудование
Бэкплейны,,,,[],Серверное оборудование
RAID контролеры,,,,[],Серверное оборудование
Кабельные организаторы,,,,[],Серверное оборудование
Серверные полки 19 дюймов,,,,[],Серверное оборудование
Дата картриджи,,,,[],Серверное оборудование
Корзины для серверов,,,,[],Серверное оборудование
Товары для геймеров,, https://img3.itbox.ua/150x150/prod_img/3/U0377713.jpg ,,[],Ноутбуки и компьютеры
Кресла игровые,,,,[],Товары для геймеров
Игровые манипуляторы,,,,[],Товары для геймеров
Игры,,,,[],Товары для геймеров
Защитные коврики под кресла,,,,[],Товары для геймеров
"Смартфоны, ТВ и электроника",,,,[],
Смартфоны и телефоны,, https://img8.itbox.ua/150x150/prod_img/8/U0462588.jpg ,,[],"Смартфоны, ТВ и электроника"
Телевизоры,, https://img8.itbox.ua/150x150/prod_img/8/U0462588.jpg ,,[],"Смартфоны, ТВ и электроника"
Аудиотехника,, https://img8.itbox.ua/150x150/prod_img/8/U0462588.jpg ,,[],"Смартфоны, ТВ и электроника"
Наушники и гарнитуры,,,,[],Аудиотехника
Акустические системы,,,,[],Аудиотехника
MP3-плееры,,,,[],Аудиотехника
Диктофоны,,,,[],Аудиотехника
Крепления для акустики,,,,[],Аудиотехника
Микрофоны,,,,[],Аудиотехника
Магнитолы,,,,[],Аудиотехника
Микшерные пульты,,,,[],Аудиотехника
Аксессуары к телевизорам,, https://img8.itbox.ua/150x150/prod_img/8/U0462588.jpg ,,[],"Смартфоны, ТВ и электроника"
Мультимедийные кабели,,,,[],Аксессуары к телевизорам
Крепления для ТВ,,,,[],Аксессуары к телевизорам
Медиаплееры,,,,[],Аксессуары к телевизорам
ТВ-тюнеры,,,,[],Аксессуары к телевизорам
Домашние кинотеатры,,,,[],Аксессуары к телевизорам
Стойки для плазм и ЖК,,,,[],Аксессуары к телевизорам
Кронштейны для DVD,,,,[],Аксессуары к телевизорам
Кабели телевизионные,,,,[],Аксессуары к телевизорам
Пульты ДУ для телевизора,,,,[],Аксессуары к телевизорам
Сплиттеры,,,,[],Аксессуары к телевизорам
Антенны,,,,[],Аксессуары к телевизорам
Карти активации ТВ,,,,[],Аксессуары к телевизорам
Видеокоммутаторы,,,,[],Аксессуары к телевизорам
Рамки для телевизора,,,,[],Аксессуары к телевизорам
Аксессуары для смартфонов,, https://img8.itbox.ua/150x150/prod_img/8/U0462588.jpg ,,[],"Смартфоны, ТВ и электроника"
Карты памяти,,,,[],Аксессуары для смартфонов
Повербанки,,,,[],Аксессуары для смартфонов
Дата кабели,,,,[],Аксессуары для смартфонов
Зарядки для смартфонов,,,,[],Аксессуары для смартфонов
Чехлы для мобильных,,,,[],Аксессуары для смартфонов
Bluetooth-гарнитуры,,,,[],Аксессуары для смартфонов
Селфи-моноподы,,,,[],Аксессуары для смартфонов
Стыковочные станции,,,,[],Аксессуары для смартфонов
Стилусы,,,,[],Аксессуары для смартфонов
Перчатки к сенсорным экранам,,,,[],Аксессуары для смартфонов
Адаптеры для SIM-карт,,,,[],Аксессуары для смартфонов
Защитные пленки и стекла,,,,[],Аксессуары для смартфонов
Стартовые пакеты,,,,[],Аксессуары для смартфонов
Наборы для блогеров,,,,[],Аксессуары для смартфонов
Защита мобильной техники,,,,[],Аксессуары для смартфонов
Держатели для смартфонов,,,,[],Аксессуары для смартфонов
Карточки пополнения счета,,,,[],Аксессуары для смартфонов
Гаджеты,, https://img8.itbox.ua/150x150/prod_img/8/U0462588.jpg ,,[],"Смартфоны, ТВ и электроника"
Роботы,,,,[],Гаджеты
Ремешки для фитнес браслета,,,,[],Гаджеты
Smart-часы,,,,[],Гаджеты
Фитнес браслеты,,,,[],Гаджеты
Ремешки к смарт-часам,,,,[],Гаджеты
Квадрокоптеры,,,,[],Гаджеты
Поисковые системы на брелок,,,,[],Гаджеты
Очки для компьютера,,,,[],Гаджеты
Аккумуляторы для дрона,,,,[],Гаджеты
Пропеллеры для дрона,,,,[],Гаджеты
Зар. устройства для дронов,,,,[],Гаджеты
Рюкзаки для дрона,,,,[],Гаджеты
Фотоаппараты,, https://img8.itbox.ua/150x150/prod_img/8/U0462588.jpg ,,[],"Смартфоны, ТВ и электроника"
Очки виртуальной реальности,, https://img8.itbox.ua/150x150/prod_img/8/U0462588.jpg ,,[],"Смартфоны, ТВ и электроника"
Автоэлектроника,, https://img8.itbox.ua/150x150/prod_img/8/U0462588.jpg ,,[],"Смартфоны, ТВ и электроника"
Видеорегистраторы,,,,[],Автоэлектроника
MP3-FM модуляторы,,,,[],Автоэлектроника
Автолампы,,,,[],Автоэлектроника
Автокомпрессоры,,,,[],Автоэлектроника
Автомагнитолы,,,,[],Автоэлектроника
Универсальные автодержатели,,,,[],Автоэлектроника
Камеры заднего обзора,,,,[],Автоэлектроника
Автомобильные инверторы,,,,[],Автоэлектроника
Парковочные системы,,,,[],Автоэлектроника
GPS-модули,,,,[],Автоэлектроника
Товары для вейпинга,, https://img8.itbox.ua/150x150/prod_img/8/U0462588.jpg ,,[],"Смартфоны, ТВ и электроника"
Стартовые наборы,,,,[],Товары для вейпинга
Все для фото,, https://img8.itbox.ua/150x150/prod_img/8/U0462588.jpg ,,[],"Смартфоны, ТВ и электроника"
Бленды к объективам,,,,[],Все для фото
Объективы,,,,[],Все для фото
Фотовспышки,,,,[],Все для фото
Штативы,,,,[],Все для фото
Цифровые фоторамки,,,,[],Все для фото
Аккумуляторы для камер,,,,[],Все для фото
Сумки для фото,,,,[],Все для фото
Светофильтры,,,,[],Все для фото
Стабилизаторы для камеры,,,,[],Все для фото
Очистители для оптики,,,,[],Все для фото
Фото-адаптеры,,,,[],Все для фото
Зарядные устройства для фото,,,,[],Все для фото
Пульты к фотоаппаратам,,,,[],Все для фото
Крепления для экшн-камер,,,,[],Все для фото
Батарейные блоки,,,,[],Все для фото
Защита экрана,,,,[],Все для фото
Площадки для шт.головы,,,,[],Все для фото
Крышки объективов,,,,[],Все для фото
Рукоятки,,,,[],Все для фото
Телеконверторы,,,,[],Все для фото
Триггеры вспышки,,,,[],Все для фото
Крышки байонета,,,,[],Все для фото
Коннект-станции,,,,[],Все для фото
Экшн камеры,, https://img8.itbox.ua/150x150/prod_img/8/U0462588.jpg ,,[],"Смартфоны, ТВ и электроника"
Видеокамеры,, https://img8.itbox.ua/150x150/prod_img/8/U0462588.jpg ,,[],"Смартфоны, ТВ и электроника"
Камеры моментальной печати,, https://img8.itbox.ua/150x150/prod_img/8/U0462588.jpg ,,[],"Смартфоны, ТВ и электроника"
Аксессуары для экшн-камеры,, https://img8.itbox.ua/150x150/prod_img/8/U0462588.jpg ,,[],"Смартфоны, ТВ и электроника"
Техника и товары для дома,,,,[],
Крупная бытовая техника,, https://img8.itbox.ua/150x150/prod_img/8/U0395048.jpg ,,[],Техника и товары для дома
Вытяжки,,,,[],Крупная бытовая техника
Стиральные машины,,,,[],Крупная бытовая техника
Холодильники,,,,[],Крупная бытовая техника
Морозильные камеры,,,,[],Крупная бытовая техника
Варочные поверхности,,,,[],Крупная бытовая техника
Духовые шкафы,,,,[],Крупная бытовая техника
Плиты,,,,[],Крупная бытовая техника
Посудомоечные машины,,,,[],Крупная бытовая техника
Сушильные машины,,,,[],Крупная бытовая техника
Техника для кухни,, https://img8.itbox.ua/150x150/prod_img/8/U0395048.jpg ,,[],Техника и товары для дома
Электрочайники,,,,[],Техника для кухни
Микроволновые печи,,,,[],Техника для кухни
Блендеры,,,,[],Техника для кухни
Мультиварки,,,,[],Техника для кухни
Мясорубки,,,,[],Техника для кухни
Кухонные комбайны,,,,[],Техника для кухни
Кофеварки,,,,[],Техника для кухни
Кофемолки,,,,[],Техника для кухни
Пароварки,,,,[],Техника для кухни
Весы кухонные,,,,[],Техника для кухни
Миксеры,,,,[],Техника для кухни
Соковыжималки,,,,[],Техника для кухни
Сушки для овощей и фруктов,,,,[],Техника для кухни
Хлебопечи,,,,[],Техника для кухни
Электропечи,,,,[],Техника для кухни
Мультипечи,,,,[],Техника для кухни
Электрогрили,,,,[],Техника для кухни
Аэрогрили,,,,[],Техника для кухни
Бутербродницы,,,,[],Техника для кухни
Вафельницы,,,,[],Техника для кухни
Блинницы,,,,[],Техника для кухни
Тостеры,,,,[],Техника для кухни
Ломтерезки,,,,[],Техника для кухни
Йогуртницы,,,,[],Техника для кухни
Фритюрницы,,,,[],Техника для кухни
Мороженицы,,,,[],Техника для кухни
Яйцеварки,,,,[],Техника для кухни
Измельчители,,,,[],Техника для кухни
Кулеры для воды,,,,[],Техника для кухни
Электрошашлычницы,,,,[],Техника для кухни
Настольные плиты,,,,[],Техника для кухни
Капучинаторы,,,,[],Техника для кухни
Вакууматоры,,,,[],Техника для кухни
Климатическая техника,, https://img8.itbox.ua/150x150/prod_img/8/U0395048.jpg ,,[],Техника и товары для дома
Обогреватели,,,,[],Климатическая техника
Бойлеры,,,,[],Климатическая техника
Кондиционеры,,,,[],Климатическая техника
Вентиляторы,,,,[],Климатическая техника
Увлажнители воздуха,,,,[],Климатическая техника
Фильтр к увлажнителю воздуха,,,,[],Климатическая техника
Аксессуары к обогревателям,,,,[],Климатическая техника
Воздухоочистители,,,,[],Климатическая техника
Бойлеры косвенного нагрева,,,,[],Климатическая техника
Проточные водонагреватели,,,,[],Климатическая техника
Электропростыни,,,,[],Климатическая техника
Электрогрелки,,,,[],Климатическая техника
Осушители воздуха,,,,[],Климатическая техника
Тепловые завесы,,,,[],Климатическая техника
Вытяжные вентиляторы,,,,[],Климатическая техника
Отопительные котлы,,,,[],Климатическая техника
Уход и уборка,, https://img8.itbox.ua/150x150/prod_img/8/U0395048.jpg ,,[],Техника и товары для дома
Пылесосы,,,,[],Уход и уборка
Утюги,,,,[],Уход и уборка
Пароочистители,,,,[],Уход и уборка
Паровые станции,,,,[],Уход и уборка
Отпариватели,,,,[],Уход и уборка
Швейные машины,,,,[],Уход и уборка
Машинки для чистки катышков,,,,[],Уход и уборка
Швейно-вышивальные машины,,,,[],Уход и уборка
Распошивальные машины,,,,[],Уход и уборка
Оверлоки,,,,[],Уход и уборка
Освещение,, https://img8.itbox.ua/150x150/prod_img/8/U0395048.jpg ,,[],Техника и товары для дома
Лампочки,,,,[],Освещение
Светильники,,,,[],Освещение
Настольные лампы,,,,[],Освещение
Светодиодные ленты,,,,[],Освещение
Умные лампочки,,,,[],Освещение
Модули управления подсветкой,,,,[],Освещение
Хозяйственные товары,, https://img8.itbox.ua/150x150/prod_img/8/U0395048.jpg ,,[],Техника и товары для дома
Туалетная бумага,,,,[],Хозяйственные товары
Бумажные полотенца,,,,[],Хозяйственные товары
Салфетки столовые,,,,[],Хозяйственные товары
Насадки сменные для швабр,,,,[],Хозяйственные товары
Скребки,,,,[],Хозяйственные товары
Бытовая химия,, https://img8.itbox.ua/150x150/prod_img/8/U0395048.jpg ,,[],Техника и товары для дома
Стиральные порошки,,,,[],Бытовая химия
Капсулы для стирки,,,,[],Бытовая химия
Средства для мытья посуды,,,,[],Бытовая химия
Чистящие средства,,,,[],Бытовая химия
Отбеливатели,,,,[],Бытовая химия
Кондиционеры для белья,,,,[],Бытовая химия
Жидкие порошки,,,,[],Бытовая химия
Освежители воздуха,,,,[],Бытовая химия
Жидкое мыло,,,,[],Бытовая химия
Моющие жидкости,,,,[],Бытовая химия
Чистящие гели,,,,[],Бытовая химия
Гели для стирки,,,,[],Бытовая химия
Средства для удаления пятен,,,,[],Бытовая химия
Таблетки для посудомоек,,,,[],Бытовая химия
Аксессуары к бытовой технике,, https://img8.itbox.ua/150x150/prod_img/8/U0395048.jpg ,,[],Техника и товары для дома
Аксессуары к посудомойкам,,,,[],Аксессуары к бытовой технике
Аксессуары к холодильникам,,,,[],Аксессуары к бытовой технике
Аксессуары к мясорубкам,,,,[],Аксессуары к бытовой технике
Аксессуары к комбайнам,,,,[],Аксессуары к бытовой технике
Насадки для комбайнов,,,,[],Аксессуары к бытовой технике
Аксессуары к мультиваркам,,,,[],Аксессуары к бытовой технике
Аксессуары к варочной панели,,,,[],Аксессуары к бытовой технике
Аксессуары к вытяжкам,,,,[],Аксессуары к бытовой технике
Аксессуары к духовкам,,,,[],Аксессуары к бытовой технике
Аксессуары к сушилкам,,,,[],Аксессуары к бытовой технике
Аксессуары к стиралкам,,,,[],Аксессуары к бытовой технике
Аксессуары к утюгам,,,,[],Аксессуары к бытовой технике
Аксессуары к СВЧ,,,,[],Аксессуары к бытовой технике
Аксесуары к пылесосам,,,,[],Аксессуары к бытовой технике
Аксессуары для кофеварок,,,,[],Аксессуары к бытовой технике
Аксессуары для плит,,,,[],Аксессуары к бытовой технике
Дополнительная гарантия,,,,[],Аксессуары к бытовой технике
Для красоты и ухода,, https://img8.itbox.ua/150x150/prod_img/8/U0395048.jpg ,,[],Техника и товары для дома
Весы напольные,,,,[],Для красоты и ухода
Фены,,,,[],Для красоты и ухода
Фен-щетки,,,,[],Для красоты и ухода
Плойки,,,,[],Для красоты и ухода
Выпрямители для волос,,,,[],Для красоты и ухода
Машинки для стрижки,,,,[],Для красоты и ухода
Триммеры,,,,[],Для красоты и ухода
Электробритвы,,,,[],Для красоты и ухода
Эпиляторы,,,,[],Для красоты и ухода
Массажеры,,,,[],Для красоты и ухода
Массажные ванны для ног,,,,[],Для красоты и ухода
Приборы для чистки лица,,,,[],Для красоты и ухода
Щетки для лица,,,,[],Для красоты и ухода
Сауны для лица,,,,[],Для красоты и ухода
Стайлеры,,,,[],Для красоты и ухода
Тонометры,,,,[],Для красоты и ухода
Термобигуди,,,,[],Для красоты и ухода
Электрические зубные щетки,,,,[],Для красоты и ухода
Маникюрные приборы,,,,[],Для красоты и ухода
Термометры,,,,[],Для красоты и ухода
Электрические пилочки,,,,[],Для красоты и ухода
Лампы для маникюра,,,,[],Для красоты и ухода
Щетки для волос,,,,[],Для красоты и ухода
Аксессуары,, https://img8.itbox.ua/150x150/prod_img/8/U0395048.jpg ,,[],Техника и товары для дома
Аксессуары к электробритвам,,,,[],Аксессуары
Насадки для зубной щетки,,,,[],Аксессуары
Аксессуары к эпиляторам,,,,[],Аксессуары
Аксессуары к триммерам,,,,[],Аксессуары
Зеркала,,,,[],Аксессуары
Посуда и аксессуары,, https://img8.itbox.ua/150x150/prod_img/8/U0395048.jpg ,,[],Техника и товары для дома
Чайники,,,,[],Посуда и аксессуары
Сковородки,,,,[],Посуда и аксессуары
Овощечистки,,,,[],Посуда и аксессуары
Кухонные ножи и наборы,,,,[],Посуда и аксессуары
Кастрюли,,,,[],Посуда и аксессуары
Пищевые контейнеры,,,,[],Посуда и аксессуары
Гейзерные кофеварки,,,,[],Посуда и аксессуары
Наборы посуды,,,,[],Посуда и аксессуары
Столовые приборы,,,,[],Посуда и аксессуары
Разделочные доски,,,,[],Посуда и аксессуары
Хлебницы,,,,[],Посуда и аксессуары
Формы для выпечки,,,,[],Посуда и аксессуары
Кухонные наборы,,,,[],Посуда и аксессуары
Молотки для мяса,,,,[],Посуда и аксессуары
Терки,,,,[],Посуда и аксессуары
Емкости для сыпучих,,,,[],Посуда и аксессуары
Ковши,,,,[],Посуда и аксессуары
Наборы для специй,,,,[],Посуда и аксессуары
Штопоры,,,,[],Посуда и аксессуары
Крышки для посуды,,,,[],Посуда и аксессуары
Сотейники,,,,[],Посуда и аксессуары
Кухонные ножницы,,,,[],Посуда и аксессуары
Щипцы кухонные,,,,[],Посуда и аксессуары
Гусятницы,,,,[],Посуда и аксессуары
Венчики,,,,[],Посуда и аксессуары
Подставки под горячее,,,,[],Посуда и аксессуары
Прихватки для кухни,,,,[],Посуда и аксессуары
Елки и украшения,, https://img8.itbox.ua/150x150/prod_img/8/U0395048.jpg ,,[],Техника и товары для дома
Искусственные елки и сосны,,,,[],Елки и украшения
Гирлянды,,,,[],Елки и украшения
Елочные игрушки,,,,[],Елки и украшения
Украшения декоративные,,,,[],Елки и украшения
Сантехника,, https://img8.itbox.ua/150x150/prod_img/8/U0395048.jpg ,,[],Техника и товары для дома
Кухонные мойки,,,,[],Сантехника
Смесители,,,,[],Сантехника
Полотенцесушители,,,,[],Сантехника
Сушилки для рук,,,,[],Сантехника
Домашний текстиль,, https://img8.itbox.ua/150x150/prod_img/8/U0395048.jpg ,,[],Техника и товары для дома
Подушки,,,,[],Домашний текстиль
Красота и здоровье,,,,[],
Средства для бритья,, https://img4.itbox.ua/150x150/prod_img/4/U0162594.jpg ,,[],Красота и здоровье
Сменные кассеты,,,,[],Средства для бритья
Бритвы,,,,[],Средства для бритья
Наборы для бритья,,,,[],Средства для бритья
Бальзамы после бритья,,,,[],Средства для бритья
Лосьоны после бритья,,,,[],Средства для бритья
Гели для бритья,,,,[],Средства для бритья
Средства гигиены,, https://img4.itbox.ua/150x150/prod_img/4/U0162594.jpg ,,[],Красота и здоровье
Зубные пасты,,,,[],Средства гигиены
Зубные нити,,,,[],Средства гигиены
Дезодоранты,,,,[],Средства гигиены
Гигиенические прокладки,,,,[],Средства гигиены
Ежедневные прокладки,,,,[],Средства гигиены
Тампоны,,,,[],Средства гигиены
Гели для душа,,,,[],Средства гигиены
Уход за волосами,, https://img4.itbox.ua/150x150/prod_img/4/U0162594.jpg ,,[],Красота и здоровье
Шампуни,,,,[],Уход за волосами
Бальзамы-ополаскиватели,,,,[],Уход за волосами
Лаки для волос,,,,[],Уход за волосами
Спреи для волос,,,,[],Уход за волосами
Пенки для волос,,,,[],Уход за волосами
Крем-краски для волос,,,,[],Уход за волосами
Дезинфекция и защита,, https://img4.itbox.ua/150x150/prod_img/4/U0162594.jpg ,,[],Красота и здоровье
Маски и респираторы,,,,[],Дезинфекция и защита
Антисептики,,,,[],Дезинфекция и защита
УФ стерилизаторы,,,,[],Дезинфекция и защита
"Печать, расходные",,,,[],
Принтеры и МФУ,, https://img8.itbox.ua/150x150/prod_img/8/U0203988.jpg ,,[],"Печать, расходные"
Расходные материалы,, https://img8.itbox.ua/150x150/prod_img/8/U0203988.jpg ,,[],"Печать, расходные"
Картриджи,,,,[],Расходные материалы
СНПЧ и ПЗК,,,,[],Расходные материалы
Блок фотобарабана (Драм),,,,[],Расходные материалы
Тонер для принтеров,,,,[],Расходные материалы
Чернила и контейнеры,,,,[],Расходные материалы
Контейнеры отработки,,,,[],Расходные материалы
Мастер-пленки,,,,[],Расходные материалы
Чистящие картриджи,,,,[],Расходные материалы
Скрепки для брошюровщика,,,,[],Расходные материалы
Девелоперы,,,,[],Расходные материалы
Ленты к матричным принтерам,,,,[],Расходные материалы
Расходники к 3D печати,,,,[],Расходные материалы
Кабели для принтеров,,,,[],Расходные материалы
Пленки для факса,,,,[],Расходные материалы
Сканеры,, https://img8.itbox.ua/150x150/prod_img/8/U0203988.jpg ,,[],"Печать, расходные"
Запчасти к картриджам,, https://img8.itbox.ua/150x150/prod_img/8/U0203988.jpg ,,[],"Печать, расходные"
Валы первичной зарядки,,,,[],Запчасти к картриджам
Лезвия очистки/фотобарабана,,,,[],Запчасти к картриджам
Фотобарабаны/Фоторецепторы,,,,[],Запчасти к картриджам
Лезвия дозирования,,,,[],Запчасти к картриджам
Магнитные валы и оболочки,,,,[],Запчасти к картриджам
Втулки магнитного вала,,,,[],Запчасти к картриджам
Смазка для магнитного вала,,,,[],Запчасти к картриджам
Корпусы картриджа,,,,[],Запчасти к картриджам
Флажки картриджей,,,,[],Запчасти к картриджам
Крышки для картриджа,,,,[],Запчасти к картриджам
Пружины фотобарабана,,,,[],Запчасти к картриджам
Чипы для картриджей,,,,[],Запчасти к картриджам
Дополнительное оборудование,,,,[],Запчасти к картриджам
Наборы для очистки,,,,[],Запчасти к картриджам
3D-принтеры,, https://img8.itbox.ua/150x150/prod_img/8/U0203988.jpg ,,[],"Печать, расходные"
Принт-серверы,, https://img8.itbox.ua/150x150/prod_img/8/U0203988.jpg ,,[],"Печать, расходные"
Запчасти к оргтехнике,, https://img8.itbox.ua/150x150/prod_img/8/U0203988.jpg ,,[],"Печать, расходные"
Термопленки,,,,[],Запчасти к оргтехнике
Печатающие головки,,,,[],Запчасти к оргтехнике
Узел термозакрепления,,,,[],Запчасти к оргтехнике
Валы для печати,,,,[],Запчасти к оргтехнике
Втулки и подшипники,,,,[],Запчасти к оргтехнике
Узел переноса изображения,,,,[],Запчасти к оргтехнике
Тормозная площадка,,,,[],Запчасти к оргтехнике
Сервисные материалы,,,,[],Запчасти к оргтехнике
Шестерни и механика,,,,[],Запчасти к оргтехнике
Лампы нагрева для оргтехники,,,,[],Запчасти к оргтехнике
Термоэлементы для оргтехники,,,,[],Запчасти к оргтехнике
Ролик захвата/подачи бумаги,,,,[],Запчасти к оргтехнике
Флажки датчиков,,,,[],Запчасти к оргтехнике
Прижимные рычаги,,,,[],Запчасти к оргтехнике
Ремкомплекты для оргтехники,,,,[],Запчасти к оргтехнике
Сепараторы тефлонового вала,,,,[],Запчасти к оргтехнике
Станции очистки картриджей,,,,[],Запчасти к оргтехнике
Термисторы,,,,[],Запчасти к оргтехнике
Тонерные пылесосы,,,,[],Запчасти к оргтехнике
Держатели крышки принтера,,,,[],Запчасти к оргтехнике
Шарниры,,,,[],Запчасти к оргтехнике
Держатели шлейфа для СНПЧ,,,,[],Запчасти к оргтехнике
Уплотнители для СНПЧ,,,,[],Запчасти к оргтехнике
Озоновые фильтры,,,,[],Запчасти к оргтехнике
Воздушные фильтры,,,,[],Запчасти к оргтехнике
Шлейфы узла сканирования,,,,[],Запчасти к оргтехнике
Принт сервис,, https://img8.itbox.ua/150x150/prod_img/8/U0203988.jpg ,,[],"Печать, расходные"
Заправка картриджей,,,,[],Принт сервис
Восстановление картриджей,,,,[],Принт сервис
Услуга ремонт,, https://img8.itbox.ua/150x150/prod_img/8/U0203988.jpg ,,[],"Печать, расходные"
"Офис, торговое оборудование",,,,[],
Офисная техника,, https://img3.itbox.ua/150x150/prod_img/3/U0271793.jpg ,,[],"Офис, торговое оборудование"
Проекторы,,,,[],Офисная техника
Интерактивные доски,,,,[],Офисная техника
Ламинаторы,,,,[],Офисная техника
Уничтожители документов,,,,[],Офисная техника
Презентеры,,,,[],Офисная техника
Офисные доски и флипчарты,,,,[],Офисная техника
LCD панели,,,,[],Офисная техника
Интерактивные столы,,,,[],Офисная техника
Телефония,, https://img3.itbox.ua/150x150/prod_img/3/U0271793.jpg ,,[],"Офис, торговое оборудование"
Оборудование для АТС,,,,[],Телефония
IP-телефоны,,,,[],Телефония
Стационарные телефоны,,,,[],Телефония
Радиотелефоны DECT,,,,[],Телефония
Дополнительные трубки,,,,[],Телефония
VoIP-шлюзы,,,,[],Телефония
Факсы,,,,[],Телефония
Системные консоли,,,,[],Телефония
Кабели телефонные,,,,[],Телефония
Зарядные для IP-телефона,,,,[],Телефония
Мини АТС,,,,[],Телефония
IP-АТС,,,,[],Телефония
Платы расширения,,,,[],Телефония
Торговое оборудование,, https://img3.itbox.ua/150x150/prod_img/3/U0271793.jpg ,,[],"Офис, торговое оборудование"
Счетчики банкнот,,,,[],Торговое оборудование
Принтеры этикеток,,,,[],Торговое оборудование
Принтеры чеков,,,,[],Торговое оборудование
Денежные ящики,,,,[],Торговое оборудование
Терминалы сбора данных (ТСД),,,,[],Торговое оборудование
Этикет-пистолети,,,,[],Торговое оборудование
Детекторы валют,,,,[],Торговое оборудование
Считыватели магнитных карт,,,,[],Торговое оборудование
Сканеры штрих-кода,,,,[],Торговое оборудование
POS-терминалы,,,,[],Торговое оборудование
Кассовые аппараты,,,,[],Торговое оборудование
Стрейч-пленки,,,,[],Торговое оборудование
Весы,,,,[],Торговое оборудование
Риббоны,,,,[],Торговое оборудование
Принтеры пластиковых карт,,,,[],Торговое оборудование
POS-мониторы,,,,[],Торговое оборудование
Фискальные регистраторы,,,,[],Торговое оборудование
Монетницы,,,,[],Торговое оборудование
Прайс - чекеры (Микрокиоски),,,,[],Торговое оборудование
RFID считыватели,,,,[],Торговое оборудование
Крышки денежного ящика,,,,[],Торговое оборудование
"Бумага, пленки",, https://img3.itbox.ua/150x150/prod_img/3/U0271793.jpg ,,[],"Офис, торговое оборудование"
Бумага офисная,,,,[],"Бумага, пленки"
Бумага для заметок,,,,[],"Бумага, пленки"
Конверты,,,,[],"Бумага, пленки"
Блокноты,,,,[],"Бумага, пленки"
Канцелярские книги,,,,[],"Бумага, пленки"
Пленки для ламинирования,,,,[],"Бумага, пленки"
Этикетки самоклеящиеся,,,,[],"Бумага, пленки"
Этикетки,,,,[],"Бумага, пленки"
Пленки для печати,,,,[],"Бумага, пленки"
Ленты для принтера этикеток,,,,[],"Бумага, пленки"
Стикер-закладки,,,,[],"Бумага, пленки"
Этикет-ленты,,,,[],"Бумага, пленки"
Кассовые ленты,,,,[],"Бумага, пленки"
Аксессуары к оборудованию,, https://img3.itbox.ua/150x150/prod_img/3/U0271793.jpg ,,[],"Офис, торговое оборудование"
Красящие валики,,,,[],Аксессуары к оборудованию
Интерфейсные кабели,,,,[],Аксессуары к оборудованию
Кредлы,,,,[],Аксессуары к оборудованию
Печатающие головки,,,,[],Аксессуары к оборудованию
Аккумуляторы для ТСД,,,,[],Аксессуары к оборудованию
Подставки для сканера,,,,[],Аксессуары к оборудованию
Кабели к ТСД,,,,[],Аксессуары к оборудованию
Кабели DC,,,,[],Аксессуары к оборудованию
Аккумуляторы для сканеров,,,,[],Аксессуары к оборудованию
Аккумуляторы к принтеру,,,,[],Аксессуары к оборудованию
БП для сканеров штрих-кода,,,,[],Аксессуары к оборудованию
Чехлы к ТСД,,,,[],Аксессуары к оборудованию
Карточки пластиковые чистые,,,,[],Аксессуары к оборудованию
Зарядки к моб. принтеру,,,,[],Аксессуары к оборудованию
БП к терминалам ТСД,,,,[],Аксессуары к оборудованию
Отделители,,,,[],Аксессуары к оборудованию
Внешние звонки к принтеру,,,,[],Аксессуары к оборудованию
Чистящие карандаши,,,,[],Аксессуары к оборудованию
Сетевые карты к принтерам,,,,[],Аксессуары к оборудованию
Размотчики внешние,,,,[],Аксессуары к оборудованию
Зарядки аккумуляторов ТСД,,,,[],Аксессуары к оборудованию
Обрезчики,,,,[],Аксессуары к оборудованию
Комплекты чистящих карт,,,,[],Аксессуары к оборудованию
Рукоятки к ТСД,,,,[],Аксессуары к оборудованию
Смотчики внешние,,,,[],Аксессуары к оборудованию
БП к термопринтеру,,,,[],Аксессуары к оборудованию
Аксессуары к офисной технике,, https://img3.itbox.ua/150x150/prod_img/3/U0271793.jpg ,,[],"Офис, торговое оборудование"
Проекционные экраны,,,,[],Аксессуары к офисной технике
Кронштейны для проекторов,,,,[],Аксессуары к офисной технике
Лампы для проекторов,,,,[],Аксессуары к офисной технике
Бумага для флипчарта,,,,[],Аксессуары к офисной технике
Термобумага для факса,,,,[],Аксессуары к офисной технике
Стойки к интерактивной доске,,,,[],Аксессуары к офисной технике
Беспроводные адаптеры,,,,[],Аксессуары к офисной технике
Столы проекционные,,,,[],Аксессуары к офисной технике
Штанги для проекторов,,,,[],Аксессуары к офисной технике
Сумки для экранов проекторов,,,,[],Аксессуары к офисной технике
Настольные принадлежности,, https://img3.itbox.ua/150x150/prod_img/3/U0271793.jpg ,,[],"Офис, торговое оборудование"
Калькуляторы,,,,[],Настольные принадлежности
Биндеры,,,,[],Настольные принадлежности
Степлеры,,,,[],Настольные принадлежности
Резаки для бумаги,,,,[],Настольные принадлежности
Пистолеты для скотча,,,,[],Настольные принадлежности
Сумки для документов,,,,[],Настольные принадлежности
Ножи канцелярские,,,,[],Настольные принадлежности
Настольные наборы,,,,[],Настольные принадлежности
Дыроколы,,,,[],Настольные принадлежности
Ножницы,,,,[],Настольные принадлежности
Антистеплеры,,,,[],Настольные принадлежности
Триммеры для бумаги,,,,[],Настольные принадлежности
"Папки, лотки",, https://img3.itbox.ua/150x150/prod_img/3/U0271793.jpg ,,[],"Офис, торговое оборудование"
Файлы для бумаг,,,,[],"Папки, лотки"
Папки - регистраторы,,,,[],"Папки, лотки"
Папки-скоросшиватели,,,,[],"Папки, лотки"
Лотки для бумаг,,,,[],"Папки, лотки"
Папки - конверты,,,,[],"Папки, лотки"
Папки с файлами,,,,[],"Папки, лотки"
Клипборд-папки,,,,[],"Папки, лотки"
Папки - портфели,,,,[],"Папки, лотки"
Подставки для ручек,,,,[],"Папки, лотки"
Подставки для мелочей,,,,[],"Папки, лотки"
Папки на резинках,,,,[],"Папки, лотки"
Подставки-куб,,,,[],"Папки, лотки"
Папки на молнии,,,,[],"Папки, лотки"
Папки – уголки,,,,[],"Папки, лотки"
Файлы подвесные,,,,[],"Папки, лотки"
Подставки для визиток,,,,[],"Папки, лотки"
Папки на кольцах,,,,[],"Папки, лотки"
Подставки для скрепок,,,,[],"Папки, лотки"
Канцелярские мелочи,, https://img3.itbox.ua/150x150/prod_img/3/U0271793.jpg ,,[],"Офис, торговое оборудование"
Канцелярские скобы,,,,[],Канцелярские мелочи
Канцелярский скотч,,,,[],Канцелярские мелочи
Линейки,,,,[],Канцелярские мелочи
Скрепки,,,,[],Канцелярские мелочи
Канцелярский клей,,,,[],Канцелярские мелочи
Биндеры металлические,,,,[],Канцелярские мелочи
Обложки для переплета,,,,[],Канцелярские мелочи
Пленки для ламинирования,,,,[],Канцелярские мелочи
Резинки для денег,,,,[],Канцелярские мелочи
Кнопки,,,,[],Канцелярские мелочи
Пружины для переплета,,,,[],Канцелярские мелочи
Сменные лезвия,,,,[],Канцелярские мелочи
Бейджи,,,,[],Канцелярские мелочи
Краска штемпельная,,,,[],Канцелярские мелочи
Самонаборные штампы,,,,[],Канцелярские мелочи
Письменные принадлежности,, https://img3.itbox.ua/150x150/prod_img/3/U0271793.jpg ,,[],"Офис, торговое оборудование"
Маркеры,,,,[],Письменные принадлежности
Точилки,,,,[],Письменные принадлежности
Корректоры канцелярские,,,,[],Письменные принадлежности
Ластики,,,,[],Письменные принадлежности
Фломастеры,,,,[],Письменные принадлежности
Грифели для карандашей,,,,[],Письменные принадлежности
Ручки канцелярские,,,,[],Письменные принадлежности
Карандаши,,,,[],Письменные принадлежности
Офисная мебель,, https://img3.itbox.ua/150x150/prod_img/3/U0271793.jpg ,,[],"Офис, торговое оборудование"
Диваны офисные,,,,[],Офисная мебель
Табуреты,,,,[],Офисная мебель
Крестовины для кресел,,,,[],Офисная мебель
"Стулья, кресла",,,,[],Офисная мебель
Письменные столы,,,,[],Офисная мебель
Ролики для кресел,,,,[],Офисная мебель
Пуфы,,,,[],Офисная мебель
Товары для детей,,,,[],
Подгузники и пеленки,, https://img1.itbox.ua/150x150/prod_img/1/U0158611.jpg ,,[],Товары для детей
Подгузники,,,,[],Подгузники и пеленки
Влажные салфетки,,,,[],Подгузники и пеленки
Пеленки,,,,[],Подгузники и пеленки
Накопители для подгузников,,,,[],Подгузники и пеленки
Коляски и аксессуары,, https://img1.itbox.ua/150x150/prod_img/1/U0158611.jpg ,,[],Товары для детей
Коляски,,,,[],Коляски и аксессуары
Люльки,,,,[],Коляски и аксессуары
Прогулочные блоки,,,,[],Коляски и аксессуары
Подстаканники,,,,[],Коляски и аксессуары
Игрушки на коляску,,,,[],Коляски и аксессуары
Дождевики на коляску,,,,[],Коляски и аксессуары
Антимоскитные сетки,,,,[],Коляски и аксессуары
Зонтики для колясок,,,,[],Коляски и аксессуары
Матрасики в коляску,,,,[],Коляски и аксессуары
Зимние конверты,,,,[],Коляски и аксессуары
Зимние наборы для колясок,,,,[],Коляски и аксессуары
Стартовые наборы для колясок,,,,[],Коляски и аксессуары
Наборы текстиля для колясок,,,,[],Коляски и аксессуары
Чехлы для ног,,,,[],Коляски и аксессуары
Адаптеры для коляски,,,,[],Коляски и аксессуары
Шасси для коляски,,,,[],Коляски и аксессуары
Сумки для мам,,,,[],Коляски и аксессуары
Лыжи для коляски,,,,[],Коляски и аксессуары
Автокресла и аксессуары,, https://img1.itbox.ua/150x150/prod_img/1/U0158611.jpg ,,[],Товары для детей
Автокресла,,,,[],Автокресла и аксессуары
Вкладыши для автокресла,,,,[],Автокресла и аксессуары
Адаптеры для автокресла,,,,[],Автокресла и аксессуары
Базы для автокресел,,,,[],Автокресла и аксессуары
Чехлы для автокресла,,,,[],Автокресла и аксессуары
Игрушки,, https://img1.itbox.ua/150x150/prod_img/1/U0158611.jpg ,,[],Товары для детей
Настольные игры,,,,[],Игрушки
Конструкторы,,,,[],Игрушки
Пазлы,,,,[],Игрушки
Мягкие игрушки,,,,[],Игрушки
Игровые наборы,,,,[],Игрушки
Волчки,,,,[],Игрушки
Интерактивные игрушки,,,,[],Игрушки
Игрушечное оружие,,,,[],Игрушки
Игровые фигурки,,,,[],Игрушки
Музыкальные игрушки,,,,[],Игрушки
Куклы и аксессуары,,,,[],Игрушки
3D ручки и аксессуары,,,,[],Игрушки
Сборные модели и аксессуары,,,,[],Игрушки
Наборы для экспериментов,,,,[],Игрушки
Машинки и спецтехника,, https://img1.itbox.ua/150x150/prod_img/1/U0158611.jpg ,,[],Товары для детей
Спецтехника,,,,[],Машинки и спецтехника
Трансформеры,,,,[],Машинки и спецтехника
Машины,,,,[],Машинки и спецтехника
Радиоуправляемые игрушки,,,,[],Машинки и спецтехника
Автотреки,,,,[],Машинки и спецтехника
Игрушечная железная дорога,,,,[],Машинки и спецтехника
Аксессуары к Р/У моделям,,,,[],Машинки и спецтехника
Игрушки для малышей,, https://img1.itbox.ua/150x150/prod_img/1/U0158611.jpg ,,[],Товары для детей
Развивающие игрушки,,,,[],Игрушки для малышей
Погремушки,,,,[],Игрушки для малышей
Развивающие коврики,,,,[],Игрушки для малышей
Игрушки для ванной,,,,[],Игрушки для малышей
Кубики,,,,[],Игрушки для малышей
Каталки,,,,[],Игрушки для малышей
Игровые центры,,,,[],Игрушки для малышей
Игрушки-подвески,,,,[],Игрушки для малышей
Игрушки для песка,,,,[],Игрушки для малышей
Качалки,,,,[],Игрушки для малышей
Прогулка и активный отдых,, https://img1.itbox.ua/150x150/prod_img/1/U0158611.jpg ,,[],Товары для детей
Самокаты,,,,[],Прогулка и активный отдых
Чудомобили,,,,[],Прогулка и активный отдых
Санки,,,,[],Прогулка и активный отдых
Матрасики для санок,,,,[],Прогулка и активный отдых
Рюкзаки-переноски,,,,[],Прогулка и активный отдых
Детские велокресла,,,,[],Прогулка и активный отдых
Игровые домики,,,,[],Прогулка и активный отдых
Игровая площадка,,,,[],Прогулка и активный отдых
Детские горки,,,,[],Прогулка и активный отдых
Песочницы,,,,[],Прогулка и активный отдых
Бассейны детские,,,,[],Прогулка и активный отдых
Детские велосипеды,,,,[],Прогулка и активный отдых
Детские электро и веломобили,,,,[],Прогулка и активный отдых
Качели,,,,[],Прогулка и активный отдых
Скейтборды детские,,,,[],Прогулка и активный отдых
Творчество,, https://img1.itbox.ua/150x150/prod_img/1/U0158611.jpg ,,[],Товары для детей
Наборы для творчества,,,,[],Творчество
Детская косметика,,,,[],Творчество
Карандаши цветные,,,,[],Творчество
Краски для рисования,,,,[],Творчество
"Гигиена, уход и купание",, https://img1.itbox.ua/150x150/prod_img/1/U0158611.jpg ,,[],Товары для детей
Детские средства для купания,,,,[],"Гигиена, уход и купание"
Уход за кожей ребенка,,,,[],"Гигиена, уход и купание"
Детские зубные пасты и щетки,,,,[],"Гигиена, уход и купание"
Ватные диски и палочки,,,,[],"Гигиена, уход и купание"
"Горшки, сиденья, подставки",,,,[],"Гигиена, уход и купание"
Детские весы,,,,[],"Гигиена, уход и купание"
Ванночки,,,,[],"Гигиена, уход и купание"
Термометры для ванны,,,,[],"Гигиена, уход и купание"
Круги для купания,,,,[],"Гигиена, уход и купание"
Горки для купания,,,,[],"Гигиена, уход и купание"
Коврики для ванны,,,,[],"Гигиена, уход и купание"
Полотенца для купания,,,,[],"Гигиена, уход и купание"
Сиденья для ванны,,,,[],"Гигиена, уход и купание"
Детская комната,, https://img1.itbox.ua/150x150/prod_img/1/U0158611.jpg ,,[],Товары для детей
Видеоняни и радионяни,,,,[],Детская комната
Детские кроватки,,,,[],Детская комната
Комоды и пеленаторы,,,,[],Детская комната
Манежи,,,,[],Детская комната
Мобили,,,,[],Детская комната
Кресла-качалки,,,,[],Детская комната
Ходунки,,,,[],Детская комната
Наматрасники,,,,[],Детская комната
Постельное белье,,,,[],Детская комната
Детские одеяла,,,,[],Детская комната
Ночники,,,,[],Детская комната
Детские столы,,,,[],Детская комната
Детские стульчики,,,,[],Детская комната
Все для кормления,, https://img1.itbox.ua/150x150/prod_img/1/U0158611.jpg ,,[],Товары для детей
Стульчики для кормления,,,,[],Все для кормления
Бутылочки для кормления,,,,[],Все для кормления
Стерилизаторы,,,,[],Все для кормления
Слюнявчики,,,,[],Все для кормления
Пустышки,,,,[],Все для кормления
Клипсы для пустышек,,,,[],Все для кормления
Соски для бутылочек,,,,[],Все для кормления
Поильники-непроливайки,,,,[],Все для кормления
Наборы детской посуды,,,,[],Все для кормления
Подогреватели,,,,[],Все для кормления
Прорезыватели,,,,[],Все для кормления
Ниблеры,,,,[],Все для кормления
Нагруднички,,,,[],Все для кормления
Контейнеры для продуктов,,,,[],Все для кормления
Щеточки для мытья бутылочек,,,,[],Все для кормления
Рукава для бутылочек,,,,[],Все для кормления
Подушки на сидение стульчика,,,,[],Все для кормления
Чехлы на сидение стульчика,,,,[],Все для кормления
Контейнеры для пустышек,,,,[],Все для кормления
Товары для школы,, https://img1.itbox.ua/150x150/prod_img/1/U0158611.jpg ,,[],Товары для детей
Детские рюкзаки,,,,[],Товары для школы
Школьные рюкзаки,,,,[],Товары для школы
Сумки для обуви,,,,[],Товары для школы
Пеналы,,,,[],Товары для школы
Обучающие наборы,,,,[],Товары для школы
Парты и комплекты,,,,[],Товары для школы
Детские кресла и стулья,,,,[],Товары для школы
Чехлы для кресла,,,,[],Товары для школы
Товары для мам,, https://img1.itbox.ua/150x150/prod_img/1/U0158611.jpg ,,[],Товары для детей
Молокоотсосы,,,,[],Товары для мам
Вкладыши для груди,,,,[],Товары для мам
Защитные накладки,,,,[],Товары для мам
Косметика для мам,,,,[],Товары для мам
Емкости для грудного молока,,,,[],Товары для мам
Детская одежда,,,,[],
"Платья, юбки, сарафаны",, https://img0.itbox.ua/150x150/prod_img/0/U0417500.jpg ,,[],Детская одежда
Платья,,,,[],"Платья, юбки, сарафаны"
Юбки,,,,[],"Платья, юбки, сарафаны"
"Джинсы, штаны, шорты",, https://img0.itbox.ua/150x150/prod_img/0/U0417500.jpg ,,[],Детская одежда
Штаны,,,,[],"Джинсы, штаны, шорты"
Джинсы,,,,[],"Джинсы, штаны, шорты"
Шорты,,,,[],"Джинсы, штаны, шорты"
Подштанники,,,,[],"Джинсы, штаны, шорты"
"Футболки, рубашки, блузки",, https://img0.itbox.ua/150x150/prod_img/0/U0417500.jpg ,,[],Детская одежда
Футболки,,,,[],"Футболки, рубашки, блузки"
Блузки,,,,[],"Футболки, рубашки, блузки"
Рубашки,,,,[],"Футболки, рубашки, блузки"
Майки,,,,[],"Футболки, рубашки, блузки"
Трусы,,,,[],"Футболки, рубашки, блузки"
"Кофты, джемперы, регланы",, https://img0.itbox.ua/150x150/prod_img/0/U0417500.jpg ,,[],Детская одежда
Кофты,,,,[],"Кофты, джемперы, регланы"
Болеро,,,,[],"Кофты, джемперы, регланы"
Кардиганы,,,,[],"Кофты, джемперы, регланы"
"Куртки, пиджаки, жилеты",, https://img0.itbox.ua/150x150/prod_img/0/U0417500.jpg ,,[],Детская одежда
Курточки,,,,[],"Куртки, пиджаки, жилеты"
Пиджаки,,,,[],"Куртки, пиджаки, жилеты"
Жилеты,,,,[],"Куртки, пиджаки, жилеты"
Носки и колготки,, https://img0.itbox.ua/150x150/prod_img/0/U0417500.jpg ,,[],Детская одежда
Колготки,,,,[],Носки и колготки
Носки,,,,[],Носки и колготки
Лосины,,,,[],Носки и колготки
Наборы детской одежды,, https://img0.itbox.ua/150x150/prod_img/0/U0417500.jpg ,,[],Детская одежда
Одежда для новорожденных,, https://img0.itbox.ua/150x150/prod_img/0/U0417500.jpg ,,[],Детская одежда
Человечки,,,,[],Одежда для новорожденных
Боди,,,,[],Одежда для новорожденных
Спальные конверты,,,,[],Одежда для новорожденных
Крыжмы,,,,[],Одежда для новорожденных
Спортивные костюмы,, https://img0.itbox.ua/150x150/prod_img/0/U0417500.jpg ,,[],Детская одежда
Комбинезоны,, https://img0.itbox.ua/150x150/prod_img/0/U0417500.jpg ,,[],Детская одежда
Домашняя одежда,, https://img0.itbox.ua/150x150/prod_img/0/U0417500.jpg ,,[],Детская одежда
Пижамы,,,,[],Домашняя одежда
Головные уборы,, https://img0.itbox.ua/150x150/prod_img/0/U0417500.jpg ,,[],Детская одежда
Кепки,,,,[],Головные уборы
Шапочки,,,,[],Головные уборы
Панамы,,,,[],Головные уборы
Туризм и кемпинг,,,,[],
Снаряжение для походов,, https://img8.itbox.ua/150x150/prod_img/8/U0076708.jpg ,,[],Туризм и кемпинг
Палатки и тенты,,,,[],Снаряжение для походов
Рюкзаки,,,,[],Снаряжение для походов
Гермомешки,,,,[],Снаряжение для походов
Чехлы для рюкзака,,,,[],Снаряжение для походов
Спальные мешки,,,,[],Снаряжение для походов
Подушки для путешествий,,,,[],Снаряжение для походов
Накидки (дождевики),,,,[],Снаряжение для походов
Водоотталкивающая пропитка,,,,[],Снаряжение для походов
Туристические коврики,,,,[],Снаряжение для походов
Треккинговые палки,,,,[],Снаряжение для походов
Ледоходы и снегоступы,,,,[],Снаряжение для походов
Питьевые системы,,,,[],Снаряжение для походов
Аксессуары для палаток,,,,[],Снаряжение для походов
Термопродукция,, https://img8.itbox.ua/150x150/prod_img/8/U0076708.jpg ,,[],Туризм и кемпинг
Термосы и термокружки,,,,[],Термопродукция
"Термосумки, автохолодильники",,,,[],Термопродукция
"Фонари, ножи, рации",, https://img8.itbox.ua/150x150/prod_img/8/U0076708.jpg ,,[],Туризм и кемпинг
Ножи,,,,[],"Фонари, ножи, рации"
Фонари,,,,[],"Фонари, ножи, рации"
Мультитулы,,,,[],"Фонари, ножи, рации"
Портативные рации,,,,[],"Фонари, ножи, рации"
Точила,,,,[],"Фонари, ножи, рации"
Чемоданы и дорожные сумки,, https://img8.itbox.ua/150x150/prod_img/8/U0076708.jpg ,,[],Туризм и кемпинг
Чехлы для чемоданов,,,,[],Чемоданы и дорожные сумки
Чемоданы и дорожные сумки,,,,[],Чемоданы и дорожные сумки
Несессеры,,,,[],Чемоданы и дорожные сумки
Весы для багажа,,,,[],Чемоданы и дорожные сумки
"Мангалы, гриль, барбекю",, https://img8.itbox.ua/150x150/prod_img/8/U0076708.jpg ,,[],Туризм и кемпинг
"Мангалы, грили-барбекю",,,,[],"Мангалы, гриль, барбекю"
Аксессуары для мангалов,,,,[],"Мангалы, гриль, барбекю"
Товары для кемпинга,, https://img8.itbox.ua/150x150/prod_img/8/U0076708.jpg ,,[],Туризм и кемпинг
Мебель для кемпинга,,,,[],Товары для кемпинга
Биотуалеты и аксессуары,,,,[],Товары для кемпинга
Средства для выгребных ям,,,,[],Товары для кемпинга
Посуда для пикника и походов,, https://img8.itbox.ua/150x150/prod_img/8/U0076708.jpg ,,[],Туризм и кемпинг
Наборы для пикника,,,,[],Посуда для пикника и походов
Туристическая посуда,,,,[],Посуда для пикника и походов
Газовое оборудование,, https://img8.itbox.ua/150x150/prod_img/8/U0076708.jpg ,,[],Туризм и кемпинг
Надувная мебель,, https://img8.itbox.ua/150x150/prod_img/8/U0076708.jpg ,,[],Туризм и кемпинг
Надувные кресла,,,,[],Надувная мебель
Надувные матрасы,,,,[],Надувная мебель
Надувные кровати,,,,[],Надувная мебель
Надувные платформы,,,,[],Надувная мебель
Инструменты и оборудование,,,,[],
"Электро, бензо инструмент",, https://img0.itbox.ua/150x150/prod_img/0/U0455200.jpg ,,[],Инструменты и оборудование
"Шлифмашины, болгарки",,,,[],"Электро, бензо инструмент"
Шуруповерты,,,,[],"Электро, бензо инструмент"
Перфораторы,,,,[],"Электро, бензо инструмент"
Дрели,,,,[],"Электро, бензо инструмент"
Дисковые пилы,,,,[],"Электро, бензо инструмент"
Технические фены,,,,[],"Электро, бензо инструмент"
Отвертки аккумуляторные,,,,[],"Электро, бензо инструмент"
Электролобзики,,,,[],"Электро, бензо инструмент"
Фрезеры,,,,[],"Электро, бензо инструмент"
Отбойные молотки,,,,[],"Электро, бензо инструмент"
Степлеры строительные,,,,[],"Электро, бензо инструмент"
Клеевые пистолеты,,,,[],"Электро, бензо инструмент"
Сабельные пилы,,,,[],"Электро, бензо инструмент"
Миксеры строительные,,,,[],"Электро, бензо инструмент"
Электрорубанки,,,,[],"Электро, бензо инструмент"
Торцевые пилы,,,,[],"Электро, бензо инструмент"
Реноваторы,,,,[],"Электро, бензо инструмент"
Краскопульты,,,,[],"Электро, бензо инструмент"
Гайковерты,,,,[],"Электро, бензо инструмент"
Гвоздезабиватели,,,,[],"Электро, бензо инструмент"
Бороздоделы,,,,[],"Электро, бензо инструмент"
Штроборезы,,,,[],"Электро, бензо инструмент"
Стойки для дрели,,,,[],"Электро, бензо инструмент"
Граверы,,,,[],"Электро, бензо инструмент"
Аккумуляторы и ЗУ,,,,[],"Электро, бензо инструмент"
Ленточные пилы,,,,[],"Электро, бензо инструмент"
Ножницы по металлу,,,,[],"Электро, бензо инструмент"
Бензорезы,,,,[],"Электро, бензо инструмент"
Ручной инструмент,, https://img0.itbox.ua/150x150/prod_img/0/U0455200.jpg ,,[],Инструменты и оборудование
Наборы инструментов,,,,[],Ручной инструмент
Отвертки,,,,[],Ручной инструмент
Струбцины,,,,[],Ручной инструмент
Кусачки,,,,[],Ручной инструмент
Ключи,,,,[],Ручной инструмент
Плоскогубцы,,,,[],Ручной инструмент
Ножовки,,,,[],Ручной инструмент
Заклепочники,,,,[],Ручной инструмент
Ножницы по металлу,,,,[],Ручной инструмент
Клещи,,,,[],Ручной инструмент
Съемники изоляции,,,,[],Ручной инструмент
Кернеры,,,,[],Ручной инструмент
Магнитные захваты,,,,[],Ручной инструмент
Ножи монтажные,,,,[],Ручной инструмент
Просекатели,,,,[],Ручной инструмент
Труборезы,,,,[],Ручной инструмент
Кабелерезы,,,,[],Ручной инструмент
Шило,,,,[],Ручной инструмент
Стеклорезы,,,,[],Ручной инструмент
Плиткорезы,,,,[],Ручной инструмент
Стамески,,,,[],Ручной инструмент
Пистолеты для монтажной пены,,,,[],Ручной инструмент
Наборы надфилей,,,,[],Ручной инструмент
Стусло,,,,[],Ручной инструмент
Пистолеты для герметика,,,,[],Ручной инструмент
Рубанки,,,,[],Ручной инструмент
Бокорезы,,,,[],Ручной инструмент
"Молотки, кувалды, киянки",,,,[],Ручной инструмент
Автомобильные съемники,,,,[],Ручной инструмент
Головки торцевые,,,,[],Ручной инструмент
"Ломы, Гвоздодеры",,,,[],Ручной инструмент
Магниты для сварки,,,,[],Ручной инструмент
Напильники и Рашпили,,,,[],Ручной инструмент
Добойники,,,,[],Ручной инструмент
Телескопические опоры,,,,[],Ручной инструмент
Ножницы инструментальные,,,,[],Ручной инструмент
Шпатели,,,,[],Ручной инструмент
Головки магнитные,,,,[],Ручной инструмент
Кельмы,,,,[],Ручной инструмент
Измерительный инструмент,, https://img0.itbox.ua/150x150/prod_img/0/U0455200.jpg ,,[],Инструменты и оборудование
Цифровые мультиметры,,,,[],Измерительный инструмент
Рулетки,,,,[],Измерительный инструмент
Уровни,,,,[],Измерительный инструмент
Дальномеры,,,,[],Измерительный инструмент
Штангенциркули,,,,[],Измерительный инструмент
Детекторы строительные,,,,[],Измерительный инструмент
Лазерные нивелиры,,,,[],Измерительный инструмент
Угломеры,,,,[],Измерительный инструмент
Угольники,,,,[],Измерительный инструмент
Влагомеры,,,,[],Измерительный инструмент
Микрометры,,,,[],Измерительный инструмент
Пирометры,,,,[],Измерительный инструмент
Ваттметры,,,,[],Измерительный инструмент
Толщиномеры,,,,[],Измерительный инструмент
Термометры с термопарой,,,,[],Измерительный инструмент
Анализаторы воздуха,,,,[],Измерительный инструмент
Мегаомметры,,,,[],Измерительный инструмент
Термо-гигрометры,,,,[],Измерительный инструмент
Штативы для нивелиров,,,,[],Измерительный инструмент
Оптические нивелиры,,,,[],Измерительный инструмент
Газоанализаторы,,,,[],Измерительный инструмент
Анемометры,,,,[],Измерительный инструмент
Приемники лазерного сигнала,,,,[],Измерительный инструмент
Дефектоскопы,,,,[],Измерительный инструмент
Виброметры,,,,[],Измерительный инструмент
Расходники к инструментам,, https://img0.itbox.ua/150x150/prod_img/0/U0455200.jpg ,,[],Инструменты и оборудование
Наборы бит,,,,[],Расходники к инструментам
Полотна,,,,[],Расходники к инструментам
Клеевые стержни,,,,[],Расходники к инструментам
Пильные диски,,,,[],Расходники к инструментам
Зубила,,,,[],Расходники к инструментам
Лезвия,,,,[],Расходники к инструментам
Цепи,,,,[],Расходники к инструментам
Экстракторы,,,,[],Расходники к инструментам
Коронки,,,,[],Расходники к инструментам
Ножи сменные,,,,[],Расходники к инструментам
Сверлильные патроны,,,,[],Расходники к инструментам
Насадки,,,,[],Расходники к инструментам
Сверла и буры,,,,[],Расходники к инструментам
Скобы для степлера,,,,[],Расходники к инструментам
Адаптеры для инструментов,,,,[],Расходники к инструментам
Круги отрезные,,,,[],Расходники к инструментам
Держатели бит и насадок,,,,[],Расходники к инструментам
Щетки для электроинструмента,,,,[],Расходники к инструментам
Электроды,,,,[],Расходники к инструментам
Наждачная бумага,,,,[],Расходники к инструментам
Гвозди,,,,[],Расходники к инструментам
"Лески для триммеров, мотокос",,,,[],Расходники к инструментам
Оборудование,, https://img0.itbox.ua/150x150/prod_img/0/U0455200.jpg ,,[],Инструменты и оборудование
Газовые паяльники,,,,[],Оборудование
Тиски,,,,[],Оборудование
Мойки высокого давления,,,,[],Оборудование
Пылесосы строительные,,,,[],Оборудование
Домкраты,,,,[],Оборудование
Сверлильные станки,,,,[],Оборудование
Паяльники электрические,,,,[],Оборудование
Тележки грузовые,,,,[],Оборудование
Лебедки,,,,[],Оборудование
Точильные станки,,,,[],Оборудование
Компрессоры,,,,[],Оборудование
Тележки для инструмента,,,,[],Оборудование
Станки,,,,[],Оборудование
Припои проволочные,,,,[],Оборудование
Рабочие столы,,,,[],Оборудование
Ящики для инструментов,,,,[],Оборудование
Сумки для инструмента,,,,[],Оборудование
Лестницы,,,,[],Оборудование
Сварочные аппараты,,,,[],Оборудование
Генераторы,,,,[],Оборудование
Промывочные пистолеты,,,,[],Оборудование
Пистолеты для продувки,,,,[],Оборудование
Плазморезы,,,,[],Оборудование
Манометры,,,,[],Оборудование
Штабелеры,,,,[],Оборудование
Гидравлические столы,,,,[],Оборудование
Тележки гидравлические,,,,[],Оборудование
Пневматические шланги,,,,[],Оборудование
Направляющие шины,,,,[],Оборудование
Электрика,, https://img0.itbox.ua/150x150/prod_img/0/U0455200.jpg ,,[],Инструменты и оборудование
Средства монтажа,,,,[],Электрика
Реле напряжения,,,,[],Электрика
Разветвители,,,,[],Электрика
Выключатели беспроводные,,,,[],Электрика
Коробы,,,,[],Электрика
Кабели силовые,,,,[],Электрика
Пульты ДУ выключателями,,,,[],Электрика
Управление выключателем,,,,[],Электрика
Умные розетки,,,,[],Электрика
Кабели комбинированные,,,,[],Электрика
Светорегуляторы,,,,[],Электрика
Кнопки звонка,,,,[],Электрика
Распределительные коробки,,,,[],Электрика
Колодки для удлинителей,,,,[],Электрика
Органайзеры для проводов,,,,[],Электрика
Стяжки,,,,[],Электрика
Скобы,,,,[],Электрика
Охранные системы,, https://img0.itbox.ua/150x150/prod_img/0/U0455200.jpg ,,[],Инструменты и оборудование
Камеры видеонаблюдения,,,,[],Охранные системы
Датчики,,,,[],Охранные системы
Домофоны,,,,[],Охранные системы
БП для видеонаблюдения,,,,[],Охранные системы
Контроллеры умного дома,,,,[],Охранные системы
Регистратор видеонаблюдения,,,,[],Охранные системы
Комплекты сигнализации,,,,[],Охранные системы
Комплекты видеонаблюдения,,,,[],Охранные системы
Электромагнитные замки,,,,[],Охранные системы
Наборы для крепления,,,,[],Охранные системы
Электромеханические замки,,,,[],Охранные системы
Токены,,,,[],Охранные системы
Бесконтактные карточки,,,,[],Охранные системы
Считыватели карт,,,,[],Охранные системы
Сирены,,,,[],Охранные системы
Инфракрасные прожекторы,,,,[],Охранные системы
Брелки к сигнализациям,,,,[],Охранные системы
Контролеры доступа,,,,[],Охранные системы
Доводчики двери,,,,[],Охранные системы
Приемо-передатчики,,,,[],Охранные системы
Защитные кожухи,,,,[],Охранные системы
Монтажные комплекты,,,,[],Охранные системы
Крепления для видеокамеры,,,,[],Охранные системы
Разветвители питания,,,,[],Охранные системы
Биометрические сканеры,,,,[],Охранные системы
Кронштейны для замков,,,,[],Охранные системы
Садовая мебель,, https://img0.itbox.ua/150x150/prod_img/0/U0455200.jpg ,,[],Инструменты и оборудование
Павильоны садовые,,,,[],Садовая мебель
Зонты садовые,,,,[],Садовая мебель
Подставки для садовых зонтов,,,,[],Садовая мебель
Наборы садовой мебели,,,,[],Садовая мебель
Столы садовые,,,,[],Садовая мебель
Стулья садовые,,,,[],Садовая мебель
Кресла садовые,,,,[],Садовая мебель
Теплые полы,, https://img0.itbox.ua/150x150/prod_img/0/U0455200.jpg ,,[],Инструменты и оборудование
Терморегуляторы,, https://img0.itbox.ua/150x150/prod_img/0/U0455200.jpg ,,[],Инструменты и оборудование
Альтернативная энергетика,, https://img0.itbox.ua/150x150/prod_img/0/U0455200.jpg ,,[],Инструменты и оборудование
Солнечные панели,,,,[],Альтернативная энергетика
Солнечные инверторы,,,,[],Альтернативная энергетика
Контроллеры заряда,,,,[],Альтернативная энергетика
Опции к инверторам,,,,[],Альтернативная энергетика
Садовый инструмент,, https://img0.itbox.ua/150x150/prod_img/0/U0455200.jpg ,,[],Инструменты и оборудование
Лопаты,,,,[],Садовый инструмент
"Топоры, Колуны",,,,[],Садовый инструмент
Садовые ножницы,,,,[],Садовый инструмент
Секаторы,,,,[],Садовый инструмент
Грабли,,,,[],Садовый инструмент
Тяпки,,,,[],Садовый инструмент
Водоснабжение и полив,, https://img0.itbox.ua/150x150/prod_img/0/U0455200.jpg ,,[],Инструменты и оборудование
Насосные станции,,,,[],Водоснабжение и полив
Поливочные шланги,,,,[],Водоснабжение и полив
Дренажные насосы,,,,[],Водоснабжение и полив
Погружные насосы,,,,[],Водоснабжение и полив
Шланги высокого давления,,,,[],Водоснабжение и полив
Садовые насосы,,,,[],Водоснабжение и полив
Опрыскиватели,,,,[],Водоснабжение и полив
Дождеватели,,,,[],Водоснабжение и полив
Адаптеры для шланга,,,,[],Водоснабжение и полив
Мотопомпы,,,,[],Водоснабжение и полив
Таймеры для полива,,,,[],Водоснабжение и полив
Тележки для шлангов,,,,[],Водоснабжение и полив
Распределители для полива,,,,[],Водоснабжение и полив
Пистолеты для полива,,,,[],Водоснабжение и полив
Садовая техника,, https://img0.itbox.ua/150x150/prod_img/0/U0455200.jpg ,,[],Инструменты и оборудование
Цепные пилы,,,,[],Садовая техника
Триммеры садовые,,,,[],Садовая техника
Воздуходувки,,,,[],Садовая техника
Кусторезы,,,,[],Садовая техника
Газонокосилки,,,,[],Садовая техника
Измельчители садовые,,,,[],Садовая техника
Дровоколы,,,,[],Садовая техника
Снегоуборщики,,,,[],Садовая техника
Ножи для газонокосилки,,,,[],Садовая техника
Тачки,,,,[],Садовая техника
Мотоблоки,,,,[],Садовая техника
Косильные головки,,,,[],Садовая техника
Культиваторы,,,,[],Садовая техника
Подметальные машины,,,,[],Садовая техника
Компостеры,,,,[],Садовая техника
Аэраторы,,,,[],Садовая техника
Пылесосы садовые,,,,[],Садовая техника
Спорт и увлечения,,,,[],
Велосипеды и аксессуары,, https://img1.itbox.ua/150x150/prod_img/1/U0407441.jpg ,,[],Спорт и увлечения
Велосипеды,,,,[],Велосипеды и аксессуары
Велоочки,,,,[],Велосипеды и аксессуары
Фонари велосипедные,,,,[],Велосипеды и аксессуары
Замки велосипедные,,,,[],Велосипеды и аксессуары
Велокомпьютеры,,,,[],Велосипеды и аксессуары
Сумки подседельные,,,,[],Велосипеды и аксессуары
Шлемы велосипедные,,,,[],Велосипеды и аксессуары
Велоперчатки,,,,[],Велосипеды и аксессуары
Велофляги и флягодержатели,,,,[],Велосипеды и аксессуары
Велозвонки,,,,[],Велосипеды и аксессуары
Велозапчасти и инструменты,, https://img1.itbox.ua/150x150/prod_img/1/U0407441.jpg ,,[],Спорт и увлечения
Грипсы,,,,[],Велозапчасти и инструменты
Крылья для велоспеда,,,,[],Велозапчасти и инструменты
Седла велосипедные,,,,[],Велозапчасти и инструменты
Велосипедные камеры,,,,[],Велозапчасти и инструменты
Багажники велосипедные,,,,[],Велозапчасти и инструменты
Подножки,,,,[],Велозапчасти и инструменты
Насосы велосипедные,,,,[],Велозапчасти и инструменты
Ключи велосипедные,,,,[],Велозапчасти и инструменты
Ремонтные комплекты,,,,[],Велозапчасти и инструменты
Бортировки,,,,[],Велозапчасти и инструменты
Тренажёры,, https://img1.itbox.ua/150x150/prod_img/1/U0407441.jpg ,,[],Спорт и увлечения
Орбитреки,,,,[],Тренажёры
Беговые дорожки,,,,[],Тренажёры
Велотренажеры,,,,[],Тренажёры
Атлетические скамьи,,,,[],Тренажёры
Шведские стенки и турники,,,,[],Тренажёры
Силовые тренажеры,,,,[],Тренажёры
Аксессуары для фитнеса,, https://img1.itbox.ua/150x150/prod_img/1/U0407441.jpg ,,[],Спорт и увлечения
Перчатки для фитнеса,,,,[],Аксессуары для фитнеса
Атлетические пояса,,,,[],Аксессуары для фитнеса
Утяжелители,,,,[],Аксессуары для фитнеса
Эспандеры,,,,[],Аксессуары для фитнеса
Коврики для фитнеса,,,,[],Аксессуары для фитнеса
Ролики для пресса,,,,[],Аксессуары для фитнеса
Ролики для фитнеса,,,,[],Аксессуары для фитнеса
Мячи для фитнеса,,,,[],Аксессуары для фитнеса
Маты гимнастические,,,,[],Аксессуары для фитнеса
Скакалки,,,,[],Аксессуары для фитнеса
Упоры для отжиманий,,,,[],Аксессуары для фитнеса
Спортивная посуда,,,,[],Аксессуары для фитнеса
Инерционная резина,,,,[],Аксессуары для фитнеса
Магнезия,,,,[],Аксессуары для фитнеса
Массажные обручи,,,,[],Аксессуары для фитнеса
Балансировочные тренажеры,,,,[],Аксессуары для фитнеса
Бинты для спорта,,,,[],Аксессуары для фитнеса
Степ платформы,,,,[],Аксессуары для фитнеса
Лямки и крюки для фитнеса,,,,[],Аксессуары для фитнеса
Палки гимнастические,,,,[],Аксессуары для фитнеса
Канаты спортивные,,,,[],Аксессуары для фитнеса
Активный отдых,, https://img1.itbox.ua/150x150/prod_img/1/U0407441.jpg ,,[],Спорт и увлечения
Коньки,,,,[],Активный отдых
Роликовые коньки,,,,[],Активный отдых
Теннисные столы,,,,[],Активный отдых
Комплекты защиты,,,,[],Активный отдых
"Гантели, гири, штанги",, https://img1.itbox.ua/150x150/prod_img/1/U0407441.jpg ,,[],Спорт и увлечения
Электротранспорт,, https://img1.itbox.ua/150x150/prod_img/1/U0407441.jpg ,,[],Спорт и увлечения
Металлоискатели,, https://img1.itbox.ua/150x150/prod_img/1/U0407441.jpg ,,[],Спорт и увлечения
Термоодежда,, https://img1.itbox.ua/150x150/prod_img/1/U0407441.jpg ,,[],Спорт и увлечения
Оптические приборы,, https://img1.itbox.ua/150x150/prod_img/1/U0407441.jpg ,,[],Спорт и увлечения
Бинокли и монокуляры,,,,[],Оптические приборы
Микроскопы,,,,[],Оптические приборы
Подзорные трубы,,,,[],Оптические приборы
Телескопы,,,,[],Оптические приборы
Товары для единоборств,, https://img1.itbox.ua/150x150/prod_img/1/U0407441.jpg ,,[],Спорт и увлечения
Перчатки для единоборств,,,,[],Товары для единоборств
Боксерские мешки и груши,,,,[],Товары для единоборств
Защита для единоборств,,,,[],Товары для единоборств
Файт болы,,,,[],Товары для единоборств
Лапы и макивары,,,,[],Товары для единоборств
Ортопедические товары,, https://img1.itbox.ua/150x150/prod_img/1/U0407441.jpg ,,[],Спорт и увлечения
Кинезио тейпы,,,,[],Ортопедические товары
Бандажи поясничные,,,,[],Ортопедические товары
Фиксаторы колен,,,,[],Ортопедические товары
Фиксаторы кисти,,,,[],Ортопедические товары
Фиксаторы голеностопа,,,,[],Ортопедические товары
Фиксаторы локтей,,,,[],Ортопедические товары
Спортивное оружие,, https://img1.itbox.ua/150x150/prod_img/1/U0407441.jpg ,,[],Спорт и увлечения
Пневматические винтовки,,,,[],Спортивное оружие
Пневматические пистолеты,,,,[],Спортивное оружие
Пули и патроны,,,,[],Спортивное оружие
Револьверы Флобера,,,,[],Спортивное оружие
Арбалеты,,,,[],Спортивное оружие
Стартовые пистолеты,,,,[],Спортивное оружие
Прицелы,,,,[],Спортивное оружие
Луки,,,,[],Спортивное оружие
Баллоны СО2,,,,[],Спортивное оружие
Мишени,,,,[],Спортивное оружие
Стрелы,,,,[],Спортивное оружие
Тетива,,,,[],Спортивное оружие
Наборы для чистки оружия,,,,[],Спортивное оружие
Крепления для прицелов,,,,[],Спортивное оружие
Рыбалка,,,,[],
Рыболовные снасти,, https://img2.itbox.ua/150x150/prod_img/2/U0423482.jpg ,,[],Рыбалка
Катушки рыболовные,,,,[],Рыболовные снасти
Удилища,,,,[],Рыболовные снасти
Поплавки,,,,[],Рыболовные снасти
Крючки,,,,[],Рыболовные снасти
Оснастки поплавочные,,,,[],Рыболовные снасти
Лески и шнуры,,,,[],Рыболовные снасти
Рыболовные приманки,, https://img2.itbox.ua/150x150/prod_img/2/U0423482.jpg ,,[],Рыбалка
Блесны,,,,[],Рыболовные приманки
Воблеры,,,,[],Рыболовные приманки
Мормышки,,,,[],Рыболовные приманки
Силикон рыболовный,,,,[],Рыболовные приманки
Всё для монтажа оснастки,, https://img2.itbox.ua/150x150/prod_img/2/U0423482.jpg ,,[],Рыбалка
Грузила,,,,[],Всё для монтажа оснастки
Вертлюжки,,,,[],Всё для монтажа оснастки
Поводки для рыбалки,,,,[],Всё для монтажа оснастки
Готовые монтажи оснастки,,,,[],Всё для монтажа оснастки
Кормушки,,,,[],Всё для монтажа оснастки
Поводковый материал,,,,[],Всё для монтажа оснастки
Аксессуары для рыбалки,, https://img2.itbox.ua/150x150/prod_img/2/U0423482.jpg ,,[],Рыбалка
Садки,,,,[],Аксессуары для рыбалки
Подставки для удилища,,,,[],Аксессуары для рыбалки
Подсаки,,,,[],Аксессуары для рыбалки
Ретриверы,,,,[],Аксессуары для рыбалки
Индикаторы поклевки,,,,[],Аксессуары для рыбалки
Коробки рыбака,,,,[],Аксессуары для рыбалки
Ледобуры,,,,[],Аксессуары для рыбалки
Рыболовные ящики,,,,[],Аксессуары для рыбалки
Рыболовные сумки,,,,[],Аксессуары для рыбалки
Ведра для прикормки,,,,[],Аксессуары для рыбалки
Прикормки для рыбалки,, https://img2.itbox.ua/150x150/prod_img/2/U0423482.jpg ,,[],Рыбалка
Подарочные сертификаты,,,,[],
